Cod_IBGE;Grande região;Município;Mun_Total de casos;Mun_Total de óbitos;;;
3500105;Interior;Adamantina;11626;190;;;
3500204;Interior;Adolfo;1161;28;;;
3500303;Interior;Aguaí;7420;139;;;
3500402;Interior;Águas da Prata;2191;40;;;
3500501;Interior;Águas de Lindóia;5661;67;;;
3500550;Interior;Águas de Santa Bárbara;623;25;;;
3500600;Interior;Águas de São Pedro;478;17;;;
3500709;Interior;Agudos;9331;123;;;
3500758;Interior;Alambari;1670;13;;;
3500808;Interior;Alfredo Marcondes;320;23;;;
3500907;Interior;Altair;325;18;;;
3501004;Interior;Altinópolis;1248;68;;;
3501103;Interior;Alto Alegre;425;29;;;
3501152;Interior;Alumínio;1750;56;;;
3501202;Interior;Álvares Florence;652;19;;;
3501301;Interior;Álvares Machado;4338;95;;;
3501400;Interior;Álvaro de Carvalho;356;9;;;
3501509;Interior;Alvinlândia;158;10;;;
3501608;Interior;Americana;28358;1017;;;
3501707;Interior;Américo Brasiliense;7708;114;;;
3501806;Interior;Américo de Campos;1296;39;;;
3501905;Interior;Amparo;10655;265;;;
3502002;Interior;Analândia;749;6;;;
3502101;Interior;Andradina;15918;320;;;
3502200;Interior;Angatuba;6095;95;;;
3502309;Interior;Anhembi;460;16;;;
3502408;Interior;Anhumas;409;10;;;
3502507;Interior;Aparecida;3001;129;;;
3502606;Interior;Aparecida d'Oeste;1807;28;;;
3502705;Interior;Apiaí;1810;112;;;
3502754;Interior;Araçariguama;3254;78;;;
3502804;Interior;Araçatuba;48978;1027;;;
3502903;Interior;Araçoiaba da Serra;3316;104;;;
3503000;Interior;Aramina;395;20;;;
3503109;Interior;Arandu;668;22;;;
3503158;Interior;Arapeí;277;7;;;
3503208;Interior;Araraquara;68017;669;;;
3503307;Interior;Araras;20506;467;;;
3503356;Interior;Arco-Íris;631;10;;;
3503406;Interior;Arealva;2209;31;;;
3503505;Interior;Areias;400;6;;;
3503604;Interior;Areiópolis;2387;33;;;
3503703;Interior;Ariranha;1043;38;;;
3503802;Interior;Artur Nogueira;9290;170;;;
3503901;RMSP (exceto capital);Arujá;12818;366;;;
3503950;Interior;Aspásia;632;12;;;
3504008;Interior;Assis;26661;482;;;
3504107;Interior;Atibaia;13438;511;;;
3504206;Interior;Auriflama;2558;90;;;
3504305;Interior;Avaí;837;14;;;
3504404;Interior;Avanhandava;1996;50;;;
3504503;Interior;Avaré;15791;334;;;
3504602;Interior;Bady Bassitt;4596;104;;;
3504701;Interior;Balbinos;820;4;;;
3504800;Interior;Bálsamo;3160;78;;;
3504909;Interior;Bananal;1169;11;;;
3505005;Interior;Barão de Antonina;1048;11;;;
3505104;Interior;Barbosa;992;25;;;
3505203;Interior;Bariri;8026;160;;;
3505302;Interior;Barra Bonita;5657;130;;;
3505351;Interior;Barra do Chapéu;469;16;;;
3505401;Interior;Barra do Turvo;915;27;;;
3505500;Interior;Barretos;32227;651;;;
3505609;Interior;Barrinha;1772;94;;;
3505708;RMSP (exceto capital);Barueri;48556;1274;;;
3505807;Interior;Bastos;4147;101;;;
3505906;Interior;Batatais;7121;212;;;
3506003;Interior;Bauru;90876;1492;;;
3506102;Interior;Bebedouro;6200;366;;;
3506201;Interior;Bento de Abreu;681;6;;;
3506300;Interior;Bernardino de Campos;2067;42;;;
3506359;Interior;Bertioga;11712;202;;;
3506409;Interior;Bilac;970;26;;;
3506508;Interior;Birigui;31970;656;;;
3506607;RMSP (exceto capital);Biritiba Mirim;1596;121;;;
3506706;Interior;Boa Esperança do Sul;2707;29;;;
3506805;Interior;Bocaina;2528;40;;;
3506904;Interior;Bofete;2713;30;;;
3507001;Interior;Boituva;7106;218;;;
3507100;Interior;Bom Jesus dos Perdões;2562;59;;;
3507159;Interior;Bom Sucesso de Itararé;701;7;;;
3507209;Interior;Borá;223;2;;;
3507308;Interior;Boracéia;1065;27;;;
3507407;Interior;Borborema;4818;60;;;
3507456;Interior;Borebi;310;4;;;
3507506;Interior;Botucatu;56450;402;;;
3507605;Interior;Bragança Paulista;48886;654;;;
3507704;Interior;Braúna;637;27;;;
3507753;Interior;Brejo Alegre;925;14;;;
3507803;Interior;Brodowski;4919;88;;;
3507902;Interior;Brotas;8114;77;;;
3508009;Interior;Buri;4628;108;;;
3508108;Interior;Buritama;6055;92;;;
3508207;Interior;Buritizal;360;10;;;
3508306;Interior;Cabrália Paulista;1226;9;;;
3508405;Interior;Cabreúva;8476;158;;;
3508504;Interior;Caçapava;16754;333;;;
3508603;Interior;Cachoeira Paulista;5849;73;;;
3508702;Interior;Caconde;3740;46;;;
3508801;Interior;Cafelândia;905;61;;;
3508900;Interior;Caiabu;338;9;;;
3509007;RMSP (exceto capital);Caieiras;14332;366;;;
3509106;Interior;Caiuá;527;12;;;
3509205;RMSP (exceto capital);Cajamar;5689;272;;;
3509254;Interior;Cajati;7002;116;;;
3509304;Interior;Cajobi;2351;38;;;
3509403;Interior;Cajuru;2191;88;;;
3509452;Interior;Campina do Monte Alegre;641;29;;;
3509502;Interior;Campinas;224359;5480;;;
3509601;Interior;Campo Limpo Paulista;11130;317;;;
3509700;Interior;Campos do Jordão;13206;164;;;
3509809;Interior;Campos Novos Paulista;325;14;;;
3509908;Interior;Cananéia;2556;37;;;
3509957;Interior;Canas;244;9;;;
3510005;Interior;Cândido Mota;7993;189;;;
3510104;Interior;Cândido Rodrigues;153;8;;;
3510153;Interior;Canitar;1607;30;;;
3510203;Interior;Capão Bonito;10513;183;;;
3510302;Interior;Capela do Alto;1737;52;;;
3510401;Interior;Capivari;5966;188;;;
3510500;Interior;Caraguatatuba;37496;546;;;
3510609;RMSP (exceto capital);Carapicuíba;42497;1287;;;
3510708;Interior;Cardoso;3729;72;;;
3510807;Interior;Casa Branca;6558;134;;;
3510906;Interior;Cássia dos Coqueiros;258;4;;;
3511003;Interior;Castilho;4699;102;;;
3511102;Interior;Catanduva;39299;740;;;
3511201;Interior;Catiguá;928;43;;;
3511300;Interior;Cedral;3943;41;;;
3511409;Interior;Cerqueira César;4211;64;;;
3511508;Interior;Cerquilho;15632;175;;;
3511607;Interior;Cesário Lange;4649;87;;;
3511706;Interior;Charqueada;4327;52;;;
3511904;Interior;Clementina;982;25;;;
3512001;Interior;Colina;2614;73;;;
3512100;Interior;Colômbia;1336;20;;;
3512209;Interior;Conchal;5178;96;;;
3512308;Interior;Conchas;3965;86;;;
3512407;Interior;Cordeirópolis;6045;117;;;
3512506;Interior;Coroados;1589;24;;;
3512605;Interior;Coronel Macedo;692;30;;;
3512704;Interior;Corumbataí;1077;9;;;
3512803;Interior;Cosmópolis;8041;198;;;
3512902;Interior;Cosmorama;2268;48;;;
3513009;RMSP (exceto capital);Cotia;30383;817;;;
3513108;Interior;Cravinhos;2280;118;;;
3513207;Interior;Cristais Paulista;1307;20;;;
3513306;Interior;Cruzália;226;6;;;
3513405;Interior;Cruzeiro;7231;249;;;
3513504;Interior;Cubatão;17827;549;;;
3513603;Interior;Cunha;1194;45;;;
3513702;Interior;Descalvado;9280;106;;;
3513801;RMSP (exceto capital);Diadema;31806;1580;;;
3513850;Interior;Dirce Reis;329;6;;;
3513900;Interior;Divinolândia;2284;49;;;
3514007;Interior;Dobrada;636;13;;;
3514106;Interior;Dois Córregos;2092;46;;;
3514205;Interior;Dolcinópolis;472;9;;;
3514304;Interior;Dourado;2754;27;;;
3514403;Interior;Dracena;12155;305;;;
3514502;Interior;Duartina;2300;35;;;
3514601;Interior;Dumont;2784;30;;;
3514700;Interior;Echaporã;821;29;;;
3514809;Interior;Eldorado;3400;34;;;
3514908;Interior;Elias Fausto;2790;42;;;
3514924;Interior;Elisiário;634;13;;;
3514957;Interior;Embaúba;133;11;;;
3515004;RMSP (exceto capital);Embu das Artes;11301;756;;;
3515103;RMSP (exceto capital);Embu-Guaçu;5947;242;;;
3515129;Interior;Emilianópolis;921;10;;;
3515152;Interior;Engenheiro Coelho;4533;66;;;
3515186;Interior;Espírito Santo do Pinhal;14614;142;;;
3515194;Interior;Espírito Santo do Turvo;818;11;;;
3515202;Interior;Estrela d'Oeste;3310;40;;;
3515301;Interior;Estrela do Norte;749;9;;;
3515350;Interior;Euclides da Cunha Paulista;539;19;;;
3515400;Interior;Fartura;4469;68;;;
3515509;Interior;Fernandópolis;19279;421;;;
3515608;Interior;Fernando Prestes;1441;15;;;
3515657;Interior;Fernão;770;5;;;
3515707;RMSP (exceto capital);Ferraz de Vasconcelos;10767;533;;;
3515806;Interior;Flora Rica;149;10;;;
3515905;Interior;Floreal;1019;9;;;
3516002;Interior;Flórida Paulista;3560;41;;;
3516101;Interior;Florínea;447;17;;;
3516200;Interior;Franca;39283;1320;;;
3516309;RMSP (exceto capital);Francisco Morato;15771;479;;;
3516408;RMSP (exceto capital);Franco da Rocha;18680;445;;;
3516507;Interior;Gabriel Monteiro;1246;8;;;
3516606;Interior;Gália;1135;24;;;
3516705;Interior;Garça;12503;173;;;
3516804;Interior;Gastão Vidigal;650;18;;;
3516853;Interior;Gavião Peixoto;2168;24;;;
3516903;Interior;General Salgado;1595;50;;;
3517000;Interior;Getulina;1073;38;;;
3517109;Interior;Glicério;1407;23;;;
3517208;Interior;Guaiçara;1877;31;;;
3517307;Interior;Guaimbê;1080;9;;;
3517406;Interior;Guaíra;9718;245;;;
3517505;Interior;Guapiaçu;2483;100;;;
3517604;Interior;Guapiara;3118;96;;;
3517703;Interior;Guará;3846;118;;;
3517802;Interior;Guaraçaí;1662;30;;;
3517901;Interior;Guaraci;2648;32;;;
3518008;Interior;Guarani d'Oeste;933;9;;;
3518107;Interior;Guarantã;322;25;;;
3518206;Interior;Guararapes;10100;137;;;
3518305;RMSP (exceto capital);Guararema;2594;112;;;
3518404;Interior;Guaratinguetá;17382;393;;;
3518503;Interior;Guareí;4510;40;;;
3518602;Interior;Guariba;5394;132;;;
3518701;Interior;Guarujá;32111;1562;;;
3518800;RMSP (exceto capital);Guarulhos;109557;5616;;;
3518859;Interior;Guatapará;1246;28;;;
3518909;Interior;Guzolândia;898;34;;;
3519006;Interior;Herculândia;1259;34;;;
3519055;Interior;Holambra;3902;23;;;
3519071;Interior;Hortolândia;40555;896;;;
3519105;Interior;Iacanga;1926;34;;;
3519204;Interior;Iacri;1827;25;;;
3519253;Interior;Iaras;302;24;;;
3519303;Interior;Ibaté;6264;114;;;
3519402;Interior;Ibirá;2727;54;;;
3519501;Interior;Ibirarema;1227;38;;;
3519600;Interior;Ibitinga;15900;311;;;
3519709;Interior;Ibiúna;5356;163;;;
3519808;Interior;Icém;2095;40;;;
3519907;Interior;Iepê;1848;36;;;
3520004;Interior;Igaraçu do Tietê;5598;76;;;
3520103;Interior;Igarapava;1418;109;;;
3520202;Interior;Igaratá;2473;42;;;
3520301;Interior;Iguape;5794;125;;;
3520400;Interior;Ilhabela;7500;52;;;
3520426;Interior;Ilha Comprida;4251;65;;;
3520442;Interior;Ilha Solteira;4461;123;;;
3520509;Interior;Indaiatuba;28550;887;;;
3520608;Interior;Indiana;459;14;;;
3520707;Interior;Indiaporã;1359;14;;;
3520806;Interior;Inúbia Paulista;1373;22;;;
3520905;Interior;Ipaussu;4665;57;;;
3521002;Interior;Iperó;6293;78;;;
3521101;Interior;Ipeúna;789;24;;;
3521150;Interior;Ipiguá;2042;33;;;
3521200;Interior;Iporanga;954;9;;;
3521309;Interior;Ipuã;2830;70;;;
3521408;Interior;Iracemápolis;6915;113;;;
3521507;Interior;Irapuã;1571;34;;;
3521606;Interior;Irapuru;1914;44;;;
3521705;Interior;Itaberá;5867;80;;;
3521804;Interior;Itaí;7696;95;;;
3521903;Interior;Itajobi;5576;74;;;
3522000;Interior;Itaju;1005;14;;;
3522109;Interior;Itanhaém;14110;420;;;
3522158;Interior;Itaoca;287;8;;;
3522208;RMSP (exceto capital);Itapecerica da Serra;13082;501;;;
3522307;Interior;Itapetininga;18291;617;;;
3522406;Interior;Itapeva;23595;478;;;
3522505;RMSP (exceto capital);Itapevi;13103;782;;;
3522604;Interior;Itapira;17321;378;;;
3522653;Interior;Itapirapuã Paulista;1352;8;;;
3522703;Interior;Itápolis;14768;187;;;
3522802;Interior;Itaporanga;3296;62;;;
3522901;Interior;Itapuí;2618;49;;;
3523008;Interior;Itapura;684;17;;;
3523107;RMSP (exceto capital);Itaquaquecetuba;32743;1172;;;
3523206;Interior;Itararé;10967;278;;;
3523305;Interior;Itariri;1960;55;;;
3523404;Interior;Itatiba;29136;390;;;
3523503;Interior;Itatinga;4615;70;;;
3523602;Interior;Itirapina;3049;51;;;
3523701;Interior;Itirapuã;324;8;;;
3523800;Interior;Itobi;1367;24;;;
3523909;Interior;Itu;38602;598;;;
3524006;Interior;Itupeva;9793;171;;;
3524105;Interior;Ituverava;4009;162;;;
3524204;Interior;Jaborandi;609;25;;;
3524303;Interior;Jaboticabal;9329;291;;;
3524402;Interior;Jacareí;30731;921;;;
3524501;Interior;Jaci;2816;34;;;
3524600;Interior;Jacupiranga;3375;66;;;
3524709;Interior;Jaguariúna;12328;201;;;
3524808;Interior;Jales;16485;316;;;
3524907;Interior;Jambeiro;517;18;;;
3525003;RMSP (exceto capital);Jandira;9841;368;;;
3525102;Interior;Jardinópolis;5202;170;;;
3525201;Interior;Jarinu;3509;97;;;
3525300;Interior;Jaú;24226;620;;;
3525409;Interior;Jeriquara;647;3;;;
3525508;Interior;Joanópolis;1513;20;;;
3525607;Interior;João Ramalho;1223;15;;;
3525706;Interior;José Bonifácio;9702;176;;;
3525805;Interior;Júlio Mesquita;364;17;;;
3525854;Interior;Jumirim;635;8;;;
3525904;Interior;Jundiaí;74329;1841;;;
3526001;Interior;Junqueirópolis;5272;105;;;
3526100;Interior;Juquiá;3329;70;;;
3526209;RMSP (exceto capital);Juquitiba;1833;87;;;
3526308;Interior;Lagoinha;246;16;;;
3526407;Interior;Laranjal Paulista;6380;144;;;
3526506;Interior;Lavínia;1605;21;;;
3526605;Interior;Lavrinhas;383;16;;;
3526704;Interior;Leme;22079;478;;;
3526803;Interior;Lençóis Paulista;25972;212;;;
3526902;Interior;Limeira;43896;1311;;;
3527009;Interior;Lindóia;2878;23;;;
3527108;Interior;Lins;14500;344;;;
3527207;Interior;Lorena;8052;284;;;
3527256;Interior;Lourdes;461;6;;;
3527306;Interior;Louveira;12297;131;;;
3527405;Interior;Lucélia;4616;82;;;
3527504;Interior;Lucianópolis;505;6;;;
3527603;Interior;Luís Antônio;3697;46;;;
3527702;Interior;Luiziânia;493;14;;;
3527801;Interior;Lupércio;278;8;;;
3527900;Interior;Lutécia;951;8;;;
3528007;Interior;Macatuba;5384;63;;;
3528106;Interior;Macaubal;1904;25;;;
3528205;Interior;Macedônia;1165;32;;;
3528304;Interior;Magda;860;12;;;
3528403;Interior;Mairinque;5301;92;;;
3528502;RMSP (exceto capital);Mairiporã;7611;290;;;
3528601;Interior;Manduri;998;32;;;
3528700;Interior;Marabá Paulista;915;6;;;
3528809;Interior;Maracaí;3546;57;;;
3528858;Interior;Marapoama;1220;15;;;
3528908;Interior;Mariápolis;1260;13;;;
3529005;Interior;Marília;43274;1179;;;
3529104;Interior;Marinópolis;772;7;;;
3529203;Interior;Martinópolis;2623;103;;;
3529302;Interior;Matão;7593;239;;;
3529401;RMSP (exceto capital);Mauá;37823;1701;;;
3529500;Interior;Mendonça;2211;34;;;
3529609;Interior;Meridiano;649;40;;;
3529658;Interior;Mesópolis;722;6;;;
3529708;Interior;Miguelópolis;1539;107;;;
3529807;Interior;Mineiros do Tietê;2476;35;;;
3529906;Interior;Miracatu;3668;86;;;
3530003;Interior;Mira Estrela;611;16;;;
3530102;Interior;Mirandópolis;2301;120;;;
3530201;Interior;Mirante do Paranapanema;2916;53;;;
3530300;Interior;Mirassol;10581;329;;;
3530409;Interior;Mirassolândia;784;21;;;
3530508;Interior;Mococa;15064;298;;;
3530607;RMSP (exceto capital);Mogi das Cruzes;54604;1914;;;
3530706;Interior;Mogi Guaçu;39757;719;;;
3530805;Interior;Mogi Mirim;26322;433;;;
3530904;Interior;Mombuca;471;11;;;
3531001;Interior;Monções;575;8;;;
3531100;Interior;Mongaguá;3089;114;;;
3531209;Interior;Monte Alegre do Sul;1783;24;;;
3531308;Interior;Monte Alto;11083;226;;;
3531407;Interior;Monte Aprazível;4970;123;;;
3531506;Interior;Monte Azul Paulista;2395;31;;;
3531605;Interior;Monte Castelo;1626;24;;;
3531704;Interior;Monteiro Lobato;327;13;;;
3531803;Interior;Monte Mor;8467;177;;;
3531902;Interior;Morro Agudo;6131;115;;;
3532009;Interior;Morungaba;1091;41;;;
3532058;Interior;Motuca;378;11;;;
3532108;Interior;Murutinga do Sul;1179;22;;;
3532157;Interior;Nantes;263;9;;;
3532207;Interior;Narandiba;1910;25;;;
3532306;Interior;Natividade da Serra;254;15;;;
3532405;Interior;Nazaré Paulista;3054;71;;;
3532504;Interior;Neves Paulista;2697;66;;;
3532603;Interior;Nhandeara;3293;59;;;
3532702;Interior;Nipoã;534;19;;;
3532801;Interior;Nova Aliança;1574;35;;;
3532827;Interior;Nova Campina;1201;46;;;
3532843;Interior;Nova Canaã Paulista;830;10;;;
3532868;Interior;Nova Castilho;323;4;;;
3532900;Interior;Nova Europa;875;31;;;
3533007;Interior;Nova Granada;6524;89;;;
3533106;Interior;Nova Guataporanga;173;5;;;
3533205;Interior;Nova Independência;1718;8;;;
3533254;Interior;Novais;319;19;;;
3533304;Interior;Nova Luzitânia;397;15;;;
3533403;Interior;Nova Odessa;11295;284;;;
3533502;Interior;Novo Horizonte;6296;244;;;
3533601;Interior;Nuporanga;424;15;;;
3533700;Interior;Ocauçu;952;9;;;
3533809;Interior;Óleo;162;6;;;
3533908;Interior;Olímpia;15373;318;;;
3534005;Interior;Onda Verde;961;29;;;
3534104;Interior;Oriente;442;29;;;
3534203;Interior;Orindiúva;2455;20;;;
3534302;Interior;Orlândia;8364;132;;;
3534401;RMSP (exceto capital);Osasco;49118;3168;;;
3534500;Interior;Oscar Bressane;731;10;;;
3534609;Interior;Osvaldo Cruz;10109;142;;;
3534708;Interior;Ourinhos;27467;599;;;
3534757;Interior;Ouroeste;3058;53;;;
3534807;Interior;Ouro Verde;1148;40;;;
3534906;Interior;Pacaembu;3878;57;;;
3535002;Interior;Palestina;2738;51;;;
3535101;Interior;Palmares Paulista;2275;47;;;
3535200;Interior;Palmeira d'Oeste;2721;44;;;
3535309;Interior;Palmital;4940;83;;;
3535408;Interior;Panorama;2711;85;;;
3535507;Interior;Paraguaçu Paulista;10248;177;;;
3535606;Interior;Paraibuna;1356;60;;;
3535705;Interior;Paraíso;1386;31;;;
3535804;Interior;Paranapanema;2167;91;;;
3535903;Interior;Paranapuã;1355;29;;;
3536000;Interior;Parapuã;1610;52;;;
3536109;Interior;Pardinho;1212;19;;;
3536208;Interior;Pariquera-Açu;4491;76;;;
3536257;Interior;Parisi;1040;20;;;
3536307;Interior;Patrocínio Paulista;1147;45;;;
3536406;Interior;Paulicéia;1918;28;;;
3536505;Interior;Paulínia;25779;351;;;
3536570;Interior;Paulistânia;214;7;;;
3536604;Interior;Paulo de Faria;1607;45;;;
3536703;Interior;Pederneiras;10339;145;;;
3536802;Interior;Pedra Bela;296;11;;;
3536901;Interior;Pedranópolis;281;11;;;
3537008;Interior;Pedregulho;392;28;;;
3537107;Interior;Pedreira;6248;146;;;
3537156;Interior;Pedrinhas Paulista;781;15;;;
3537206;Interior;Pedro de Toledo;1116;25;;;
3537305;Interior;Penápolis;20567;327;;;
3537404;Interior;Pereira Barreto;5665;119;;;
3537503;Interior;Pereiras;1216;23;;;
3537602;Interior;Peruíbe;12402;308;;;
3537701;Interior;Piacatu;1862;11;;;
3537800;Interior;Piedade;9406;193;;;
3537909;Interior;Pilar do Sul;6770;93;;;
3538006;Interior;Pindamonhangaba;38587;598;;;
3538105;Interior;Pindorama;4019;70;;;
3538204;Interior;Pinhalzinho;2738;41;;;
3538303;Interior;Piquerobi;257;9;;;
3538501;Interior;Piquete;419;35;;;
3538600;Interior;Piracaia;6107;104;;;
3538709;Interior;Piracicaba;106127;1683;;;
3538808;Interior;Piraju;7545;120;;;
3538907;Interior;Pirajuí;5103;76;;;
3539004;Interior;Pirangi;3238;74;;;
3539103;RMSP (exceto capital);Pirapora do Bom Jesus;1678;26;;;
3539202;Interior;Pirapozinho;4367;92;;;
3539301;Interior;Pirassununga;20522;317;;;
3539400;Interior;Piratininga;2294;51;;;
3539509;Interior;Pitangueiras;8482;194;;;
3539608;Interior;Planalto;671;14;;;
3539707;Interior;Platina;752;12;;;
3539806;RMSP (exceto capital);Poá;12056;444;;;
3539905;Interior;Poloni;1962;24;;;
3540002;Interior;Pompéia;1052;60;;;
3540101;Interior;Pongaí;398;12;;;
3540200;Interior;Pontal;8766;187;;;
3540259;Interior;Pontalinda;603;20;;;
3540309;Interior;Pontes Gestal;947;12;;;
3540408;Interior;Populina;1564;23;;;
3540507;Interior;Porangaba;1244;26;;;
3540606;Interior;Porto Feliz;14337;192;;;
3540705;Interior;Porto Ferreira;17548;219;;;
3540754;Interior;Potim;3663;41;;;
3540804;Interior;Potirendaba;6064;100;;;
3540853;Interior;Pracinha;511;6;;;
3540903;Interior;Pradópolis;2062;48;;;
3541000;Interior;Praia Grande;31954;1383;;;
3541059;Interior;Pratânia;1560;19;;;
3541109;Interior;Presidente Alves;727;11;;;
3541208;Interior;Presidente Bernardes;1418;53;;;
3541307;Interior;Presidente Epitácio;6987;151;;;
3541406;Interior;Presidente Prudente;43284;1090;;;
3541505;Interior;Presidente Venceslau;6190;140;;;
3541604;Interior;Promissão;10387;131;;;
3541653;Interior;Quadra;252;9;;;
3541703;Interior;Quatá;2933;32;;;
3541802;Interior;Queiroz;1061;3;;;
3541901;Interior;Queluz;1097;32;;;
3542008;Interior;Quintana;589;34;;;
3542107;Interior;Rafard;1172;18;;;
3542206;Interior;Rancharia;7828;120;;;
3542305;Interior;Redenção da Serra;124;7;;;
3542404;Interior;Regente Feijó;2162;81;;;
3542503;Interior;Reginópolis;999;26;;;
3542602;Interior;Registro;13168;256;;;
3542701;Interior;Restinga;731;10;;;
3542800;Interior;Ribeira;539;9;;;
3542909;Interior;Ribeirão Bonito;1825;34;;;
3543006;Interior;Ribeirão Branco;2750;72;;;
3543105;Interior;Ribeirão Corrente;347;6;;;
3543204;Interior;Ribeirão do Sul;722;27;;;
3543238;Interior;Ribeirão dos Índios;119;8;;;
3543253;Interior;Ribeirão Grande;534;30;;;
3543303;RMSP (exceto capital);Ribeirão Pires;13982;403;;;
3543402;Interior;Ribeirão Preto;106458;3532;;;
3543501;Interior;Riversul;1046;32;;;
3543600;Interior;Rifaina;1066;13;;;
3543709;Interior;Rincão;2168;50;;;
3543808;Interior;Rinópolis;675;21;;;
3543907;Interior;Rio Claro;13996;728;;;
3544004;Interior;Rio das Pedras;3744;121;;;
3544103;RMSP (exceto capital);Rio Grande da Serra;2434;110;;;
3544202;Interior;Riolândia;3040;34;;;
3544251;Interior;Rosana;5013;56;;;
3544301;Interior;Roseira;1614;33;;;
3544400;Interior;Rubiácea;735;11;;;
3544509;Interior;Rubinéia;1395;20;;;
3544608;Interior;Sabino;310;32;;;
3544707;Interior;Sagres;267;4;;;
3544806;Interior;Sales;1219;48;;;
3544905;Interior;Sales Oliveira;1862;33;;;
3545001;RMSP (exceto capital);Salesópolis;729;64;;;
3545100;Interior;Salmourão;527;26;;;
3545159;Interior;Saltinho;2579;26;;;
3545209;Interior;Salto;26222;537;;;
3545308;Interior;Salto de Pirapora;4476;191;;;
3545407;Interior;Salto Grande;2098;19;;;
3545506;Interior;Sandovalina;722;16;;;
3545605;Interior;Santa Adélia;2858;71;;;
3545704;Interior;Santa Albertina;2426;29;;;
3545803;Interior;Santa Bárbara d'Oeste;37949;914;;;
3546009;Interior;Santa Branca;2190;37;;;
3546108;Interior;Santa Clara d'Oeste;558;26;;;
3546207;Interior;Santa Cruz da Conceição;2107;17;;;
3546256;Interior;Santa Cruz da Esperança;206;8;;;
3546306;Interior;Santa Cruz das Palmeiras;5864;140;;;
3546405;Interior;Santa Cruz do Rio Pardo;9297;207;;;
3546504;Interior;Santa Ernestina;559;22;;;
3546603;Interior;Santa Fé do Sul;9777;163;;;
3546702;Interior;Santa Gertrudes;3947;88;;;
3546801;RMSP (exceto capital);Santa Isabel;9249;299;;;
3546900;Interior;Santa Lúcia;800;27;;;
3547007;Interior;Santa Maria da Serra;1363;12;;;
3547106;Interior;Santa Mercedes;909;11;;;
3547205;Interior;Santana da Ponte Pensa;573;6;;;
3547304;RMSP (exceto capital);Santana de Parnaíba;28038;447;;;
3547403;Interior;Santa Rita d'Oeste;442;15;;;
3547502;Interior;Santa Rita do Passa Quatro;1842;49;;;
3547601;Interior;Santa Rosa de Viterbo;2515;60;;;
3547650;Interior;Santa Salete;716;9;;;
3547700;Interior;Santo Anastácio;4036;72;;;
3547809;RMSP (exceto capital);Santo André;99868;3567;;;
3547908;Interior;Santo Antônio da Alegria;543;25;;;
3548005;Interior;Santo Antônio de Posse;4963;73;;;
3548054;Interior;Santo Antônio do Aracanguá;593;40;;;
3548104;Interior;Santo Antônio do Jardim;1419;25;;;
3548203;Interior;Santo Antônio do Pinhal;1578;10;;;
3548302;Interior;Santo Expedito;216;11;;;
3548401;Interior;Santópolis do Aguapeí;762;19;;;
3548500;Interior;Santos;87023;2661;;;
3548609;Interior;São Bento do Sapucaí;821;14;;;
3548708;RMSP (exceto capital);São Bernardo do Campo;77623;3867;;;
3548807;RMSP (exceto capital);São Caetano do Sul;38586;1184;;;
3548906;Interior;São Carlos;36760;643;;;
3549003;Interior;São Francisco;842;21;;;
3549102;Interior;São João da Boa Vista;25944;390;;;
3549201;Interior;São João das Duas Pontes;779;10;;;
3549250;Interior;São João de Iracema;923;10;;;
3549300;Interior;São João do Pau d'Alho;220;4;;;
3549409;Interior;São Joaquim da Barra;7453;182;;;
3549508;Interior;São José da Bela Vista;338;23;;;
3549607;Interior;São José do Barreiro;763;9;;;
3549706;Interior;São José do Rio Pardo;8031;184;;;
3549805;Interior;São José do Rio Preto;163804;3225;;;
3549904;Interior;São José dos Campos;132869;2394;;;
3549953;RMSP (exceto capital);São Lourenço da Serra;711;42;;;
3550001;Interior;São Luiz do Paraitinga;975;37;;;
3550100;Interior;São Manuel;6700;175;;;
3550209;Interior;São Miguel Arcanjo;4825;90;;;
3550308;Capital;São Paulo;1179095;44951;;;
3550407;Interior;São Pedro;10721;126;;;
3550506;Interior;São Pedro do Turvo;1022;16;;;
3550605;Interior;São Roque;7213;137;;;
3550704;Interior;São Sebastião;8796;204;;;
3550803;Interior;São Sebastião da Grama;2771;39;;;
3550902;Interior;São Simão;1693;39;;;
3551009;Interior;São Vicente;31455;1471;;;
3551108;Interior;Sarapuí;525;7;;;
3551207;Interior;Sarutaiá;155;23;;;
3551306;Interior;Sebastianópolis do Sul;362;12;;;
3551405;Interior;Serra Azul;1474;21;;;
3551504;Interior;Serrana;11949;151;;;
3551603;Interior;Serra Negra;7050;102;;;
3551702;Interior;Sertãozinho;20313;573;;;
3551801;Interior;Sete Barras;3028;48;;;
3551900;Interior;Severínia;2844;85;;;
3552007;Interior;Silveiras;568;11;;;
3552106;Interior;Socorro;6600;116;;;
3552205;Interior;Sorocaba;112081;3249;;;
3552304;Interior;Sud Mennucci;967;24;;;
3552403;Interior;Sumaré;41891;1007;;;
3552502;RMSP (exceto capital);Suzano;29538;1055;;;
3552551;Interior;Suzanápolis;504;12;;;
3552601;Interior;Tabapuã;3398;75;;;
3552700;Interior;Tabatinga;3057;60;;;
3552809;RMSP (exceto capital);Taboão da Serra;19993;1054;;;
3552908;Interior;Taciba;864;27;;;
3553005;Interior;Taguaí;3501;47;;;
3553104;Interior;Taiaçu;1468;19;;;
3553203;Interior;Taiúva;1102;19;;;
3553302;Interior;Tambaú;5458;63;;;
3553401;Interior;Tanabi;7181;138;;;
3553500;Interior;Tapiraí;873;11;;;
3553609;Interior;Tapiratiba;3097;43;;;
3553658;Interior;Taquaral;403;13;;;
3553708;Interior;Taquaritinga;14811;251;;;
3553807;Interior;Taquarituba;7355;121;;;
3553856;Interior;Taquarivaí;1020;22;;;
3553906;Interior;Tarabai;1016;36;;;
3553955;Interior;Tarumã;1822;58;;;
3554003;Interior;Tatuí;22217;535;;;
3554102;Interior;Taubaté;38907;1199;;;
3554201;Interior;Tejupá;432;13;;;
3554300;Interior;Teodoro Sampaio;4025;61;;;
3554409;Interior;Terra Roxa;1393;40;;;
3554508;Interior;Tietê;8882;132;;;
3554607;Interior;Timburi;879;16;;;
3554656;Interior;Torre de Pedra;235;13;;;
3554706;Interior;Torrinha;3996;27;;;
3554755;Interior;Trabiju;459;5;;;
3554805;Interior;Tremembé;2985;72;;;
3554904;Interior;Três Fronteiras;1963;39;;;
3554953;Interior;Tuiuti;1321;23;;;
3555000;Interior;Tupã;8241;340;;;
3555109;Interior;Tupi Paulista;4365;56;;;
3555208;Interior;Turiúba;564;4;;;
3555307;Interior;Turmalina;595;7;;;
3555356;Interior;Ubarana;1731;24;;;
3555406;Interior;Ubatuba;12781;160;;;
3555505;Interior;Ubirajara;581;15;;;
3555604;Interior;Uchoa;2100;44;;;
3555703;Interior;União Paulista;319;7;;;
3555802;Interior;Urânia;3516;52;;;
3555901;Interior;Uru;432;6;;;
3556008;Interior;Urupês;945;59;;;
3556107;Interior;Valentim Gentil;5067;78;;;
3556206;Interior;Valinhos;25819;555;;;
3556305;Interior;Valparaíso;5486;91;;;
3556354;Interior;Vargem;651;27;;;
3556404;Interior;Vargem Grande do Sul;6523;120;;;
3556453;RMSP (exceto capital);Vargem Grande Paulista;7121;140;;;
3556503;Interior;Várzea Paulista;14936;314;;;
3556602;Interior;Vera Cruz;724;50;;;
3556701;Interior;Vinhedo;18908;254;;;
3556800;Interior;Viradouro;3641;110;;;
3556909;Interior;Vista Alegre do Alto;1919;25;;;
3556958;Interior;Vitória Brasil;774;11;;;
3557006;Interior;Votorantim;12596;577;;;
3557105;Interior;Votuporanga;33303;511;;;
3557154;Interior;Zacarias;326;12;;;
3557204;Interior;Chavantes;2794;62;;;
3557303;Interior;Estiva Gerbi;1270;37;;;
;;Ignorado;269;0;;;
;;;;;;;
